{"step_loss": 1.9776568412780762, "_timestamp": 1665989736.2060301, "_runtime": 417.9648082256317, "_step": 2379, "step_acc": 0.5562095642089844, "epoch_loss": 2.0002846068884494, "epoch_acc": 0.5556098356754822, "_wandb": {"runtime": 417}}