{"step_loss": 2.5750153064727783, "_timestamp": 1665991432.5936368, "_runtime": 127.95551776885986, "_step": 430, "step_acc": 0.48079442977905273, "epoch_loss": 4.1187944045433635, "epoch_acc": 0.17692091184828054}