{"step_loss": 0.9074706435203552, "_timestamp": 1666044786.5167196, "_runtime": 28856.017033576965, "_step": 203399, "step_acc": 0.9502032399177551, "epoch_loss": 0.9014925782144423, "epoch_acc": 0.9531239398132415, "_wandb": {"runtime": 28855}}