{"step_loss": 2.50596022605896, "_timestamp": 1665991216.020553, "_runtime": 99.61383008956909, "_step": 339, "step_acc": 0.48167818784713745, "epoch_loss": 3.727700491628703, "epoch_acc": 0.2607838810537253, "_wandb": {"runtime": 99}}