{"step_loss": 0.9019582271575928, "_timestamp": 1666015784.3329842, "_runtime": 23993.72987127304, "_step": 169403, "step_acc": 0.9539607167243958, "epoch_loss": 0.8978315787555198, "epoch_acc": 0.9542042297371746, "_wandb": {"runtime": 23992}}