{"step_loss": 2.498063802719116, "_timestamp": 1665991338.2743483, "_runtime": 99.97380518913269, "_step": 339, "step_acc": 0.4852526783943176, "epoch_loss": 3.763604626853085, "epoch_acc": 0.24980093933333306, "_wandb": {"runtime": 99}}