{"step_loss": 2.371546745300293, "_timestamp": 1665991290.0728288, "_runtime": 212.20140385627747, "_step": 679, "step_acc": 0.4751555919647217, "epoch_loss": 2.653075518692739, "epoch_acc": 0.4779844463929622, "_wandb": {"runtime": 211}}