{"step_loss": 2.311021327972412, "_timestamp": 1665991290.8003848, "_runtime": 212.92905282974243, "_step": 679, "step_acc": 0.4852510094642639, "epoch_loss": 2.468341645404432, "epoch_acc": 0.4805657130021315, "_wandb": {"runtime": 212}}