{"step_loss": 2.255115032196045, "_timestamp": 1665991117.3568983, "_runtime": 104.59963321685791, "_step": 677, "step_acc": 0.4961794316768646, "epoch_loss": 2.9255581466403937, "epoch_acc": 0.38686139149752863, "_wandb": {"runtime": 104}}