{"step_loss": 2.330800771713257, "_timestamp": 1665991364.2152433, "_runtime": 104.17721223831177, "_step": 677, "step_acc": 0.48181313276290894, "epoch_loss": 3.3388321611302842, "epoch_acc": 0.324069644802542, "_wandb": {"runtime": 104}}