{"step_loss": 2.406198024749756, "_timestamp": 1665991350.8550336, "_runtime": 105.1121256351471, "_step": 677, "step_acc": 0.4737088084220886, "epoch_loss": 3.5260237010978384, "epoch_acc": 0.2970636067829321, "_wandb": {"runtime": 104}}