{"step_loss": 0.873672604560852, "_timestamp": 1666015893.7585263, "_runtime": 24119.818091392517, "_step": 89476, "step_acc": 0.9635456800460815, "epoch_loss": 0.8769525067340693, "epoch_acc": 0.9627312164334856, "_wandb": {"runtime": 24120}}