{"step_loss": 2.23887038230896, "_timestamp": 1665991436.139039, "_runtime": 191.87884092330933, "_step": 679, "step_acc": 0.49558842182159424, "epoch_loss": 2.2947618481675547, "epoch_acc": 0.48621273534537773}