{"step_loss": 1.9042577743530273, "_timestamp": 1665990718.6336684, "_runtime": 476.50237345695496, "_step": 3072, "step_acc": 0.5789270401000977, "epoch_loss": 1.9835216762751517, "epoch_acc": 0.5602319526249135}