{"step_loss": 2.275451183319092, "_timestamp": 1665991438.2953725, "_runtime": 99.07672643661499, "_step": 638, "step_acc": 0.48881348967552185}