{"step_loss": 0.8687503337860107, "_timestamp": 1666070844.765359, "_runtime": 27439.909735918045, "_step": 101999, "step_acc": 0.9657939672470093, "epoch_loss": 0.8703076557294857, "epoch_acc": 0.9653437585520321, "_wandb": {"runtime": 27439}}