{"step_loss": 2.7941954135894775, "_timestamp": 1665991434.8268242, "_runtime": 130.13437414169312, "_step": 442, "step_acc": 0.48158663511276245, "epoch_loss": 4.278324045373138, "epoch_acc": 0.13308277082513775}