{"step_loss": 4.778568744659424, "_timestamp": 1665990711.2260895, "_runtime": 32.56300950050354, "_step": 26, "step_acc": 0.009615998715162277}