{"step_loss": 0.9162936806678772, "_timestamp": 1666015899.721132, "_runtime": 24121.709658145905, "_step": 169822, "step_acc": 0.9474522471427917, "epoch_loss": 0.9173270994742241, "epoch_acc": 0.9466496847084993, "_wandb": {"runtime": 24121}}