{"step_loss": 0.8781906366348267, "_timestamp": 1666071459.872737, "_runtime": 27761.6663210392, "_step": 101999, "step_acc": 0.9622677564620972, "epoch_loss": 0.8745768824977987, "epoch_acc": 0.9636280212176622, "_wandb": {"runtime": 27761}}