{"step_loss": 1.9807296991348267, "_timestamp": 1666016267.6240413, "_runtime": 431.9077203273773, "_step": 2815, "step_acc": 0.5655536651611328, "epoch_loss": 2.0470349672278005, "epoch_acc": 0.5452144846055634, "_wandb": {"runtime": 431}}