{"step_loss": 2.471360206604004, "_timestamp": 1665991107.0493338, "_runtime": 99.961101770401, "_step": 339, "step_acc": 0.47702550888061523, "epoch_loss": 3.688539366750322, "epoch_acc": 0.2688523048270472, "_wandb": {"runtime": 99}}