{"step_loss": 2.3697519302368164, "_timestamp": 1665991126.1199508, "_runtime": 100.07137870788574, "_step": 339, "step_acc": 0.47828173637390137, "epoch_loss": 3.5350421716475626, "epoch_acc": 0.2867825381242885, "_wandb": {"runtime": 99}}