{"step_loss": 4.678389549255371, "_timestamp": 1665990716.972597, "_runtime": 38.10102581977844, "_step": 36, "step_acc": 0.011580362915992737}