{"step_loss": 2.4059512615203857, "_timestamp": 1665991235.5532932, "_runtime": 99.91452622413635, "_step": 339, "step_acc": 0.4718463718891144, "epoch_loss": 3.5499176964957333, "epoch_acc": 0.28645193987917267, "_wandb": {"runtime": 99}}