{"step_loss": 2.370588541030884, "_timestamp": 1665991123.6086864, "_runtime": 104.52673053741455, "_step": 677, "step_acc": 0.48608702421188354, "epoch_loss": 3.508994907317077, "epoch_acc": 0.2997235404010642, "_wandb": {"runtime": 104}}