{"step_loss": 0.8674030900001526, "_timestamp": 1666043367.5601752, "_runtime": 27439.934411287308, "_step": 101999, "step_acc": 0.9675947427749634, "epoch_loss": 0.8686256676735963, "epoch_acc": 0.9661797990460368, "_wandb": {"runtime": 27439}}