{"step_loss": 0.8810627460479736, "_timestamp": 1666015892.6179008, "_runtime": 24349.65896987915, "_step": 170188, "step_acc": 0.9631633758544922, "epoch_loss": 0.8830479411683845, "epoch_acc": 0.9604410657868583, "_wandb": {"runtime": 24349}}