{"step_loss": 0.8866739869117737, "_timestamp": 1666070849.8843553, "_runtime": 27445.028729200363, "_step": 101999, "step_acc": 0.9587408304214478, "epoch_loss": 0.8795389906894526, "epoch_acc": 0.9616207695571628, "_wandb": {"runtime": 27444}}