{"step_loss": 2.2579338550567627, "_timestamp": 1665991105.5284529, "_runtime": 105.45137977600098, "_step": 677, "step_acc": 0.4934730529785156, "epoch_loss": 3.0721436767183112, "epoch_acc": 0.36404660799039096, "_wandb": {"runtime": 105}}