{"step_loss": 0.8629055023193359, "_timestamp": 1666044867.445166, "_runtime": 28936.893658161163, "_step": 203399, "step_acc": 0.9682460427284241, "epoch_loss": 0.8632492290798729, "epoch_acc": 0.9683253773923456, "_wandb": {"runtime": 28936}}