{"step_loss": 0.8840958476066589, "_timestamp": 1666043650.8093767, "_runtime": 27709.740817785263, "_step": 101999, "step_acc": 0.9593050479888916, "epoch_loss": 0.8770557003613759, "epoch_acc": 0.962513197808576, "_wandb": {"runtime": 27709}}