{"step_loss": 2.6629817485809326, "_timestamp": 1665989235.1302514, "_runtime": 94.22562146186829, "_step": 337, "step_acc": 0.4754948318004608, "_wandb": {"runtime": 94}}