{"step_loss": 0.8664149045944214, "_timestamp": 1666070932.6075706, "_runtime": 27466.626373529434, "_step": 101999, "step_acc": 0.9667993187904358, "epoch_loss": 0.8688254652644051, "epoch_acc": 0.9659486744530807, "_wandb": {"runtime": 27466}}