{"step_loss": 0.8744653463363647, "_timestamp": 1666074152.447387, "_runtime": 29078.83060503006, "_step": 203399, "step_acc": 0.9634734392166138, "epoch_loss": 0.8729768333703103, "epoch_acc": 0.9644528024295378, "_wandb": {"runtime": 29078}}