{"step_loss": 0.8761119842529297, "_timestamp": 1666045025.7250695, "_runtime": 29100.5971865654, "_step": 203399, "step_acc": 0.9630998969078064, "epoch_loss": 0.8712367866871625, "epoch_acc": 0.9652210724424328, "_wandb": {"runtime": 29100}}