{"step_loss": 2.33736515045166, "_timestamp": 1665991137.191184, "_runtime": 105.03974795341492, "_step": 677, "step_acc": 0.47805726528167725, "epoch_loss": 3.288745298893494, "epoch_acc": 0.3374355499957793, "_wandb": {"runtime": 104}}