{"step_loss": 0.8796070218086243, "_timestamp": 1666015917.7238634, "_runtime": 24123.698013305664, "_step": 89722, "step_acc": 0.9596264362335205, "epoch_loss": 0.8772100393588727, "epoch_acc": 0.9626694173502499, "_wandb": {"runtime": 24123}}