{"step_loss": 0.867925763130188, "_timestamp": 1666043425.3843198, "_runtime": 27500.240771770477, "_step": 101999, "step_acc": 0.9674727916717529, "epoch_loss": 0.8671531737203428, "epoch_acc": 0.9667768845191369, "_wandb": {"runtime": 27500}}