{"step_loss": 0.894696831703186, "_timestamp": 1666015910.9327247, "_runtime": 24110.87280678749, "_step": 88399, "step_acc": 0.9557514786720276, "epoch_loss": 0.8918557131784202, "epoch_acc": 0.9564941109284847, "_wandb": {"runtime": 24112}}