{"step_loss": 0.8901890516281128, "_timestamp": 1666015915.5355706, "_runtime": 24129.461117506027, "_step": 89730, "step_acc": 0.9551520347595215, "epoch_loss": 0.8875977238254434, "epoch_acc": 0.9583034511853957, "_wandb": {"runtime": 24129}}