{"step_loss": 2.380276679992676, "_timestamp": 1665991238.0192132, "_runtime": 104.83478617668152, "_step": 677, "step_acc": 0.4831087589263916, "epoch_loss": 3.512464363194076, "epoch_acc": 0.3007315667511443, "_wandb": {"runtime": 104}}