{"step_loss": 0.9065662622451782, "_timestamp": 1666073719.8334317, "_runtime": 28879.858372688293, "_step": 203399, "step_acc": 0.9531654119491577, "epoch_loss": 0.8970815001507483, "epoch_acc": 0.9550047426886813, "_wandb": {"runtime": 28879}}