{"step_loss": 2.048739433288574, "_timestamp": 1665991330.4287598, "_runtime": 201.16121292114258, "_step": 1355, "step_acc": 0.5440831184387207, "epoch_loss": 2.162593949475937, "epoch_acc": 0.5157066953076413, "_wandb": {"runtime": 200}}