{"step_loss": 4.561452865600586, "_timestamp": 1665990714.2858863, "_runtime": 35.450796365737915, "_step": 47, "step_acc": 0.020152868703007698}