{"step_loss": 2.2901053428649902, "_timestamp": 1665991335.2707796, "_runtime": 105.11159253120422, "_step": 677, "step_acc": 0.4838162660598755, "epoch_loss": 3.0842419368980902, "epoch_acc": 0.3626849217555271, "_wandb": {"runtime": 104}}