{"step_loss": 0.8680154085159302, "_timestamp": 1666073865.9736748, "_runtime": 28954.091872692108, "_step": 203399, "step_acc": 0.9665203094482422, "epoch_loss": 0.8664407278659075, "epoch_acc": 0.9670119232679966, "_wandb": {"runtime": 28953}}