{"step_loss": 2.2830939292907715, "_timestamp": 1665991221.9086165, "_runtime": 105.53671956062317, "_step": 677, "step_acc": 0.4812769591808319, "epoch_loss": 3.077174905489182, "epoch_acc": 0.36456823981912617, "_wandb": {"runtime": 105}}