{"step_loss": 2.357980251312256, "_timestamp": 1665991250.7591958, "_runtime": 104.23426485061646, "_step": 677, "step_acc": 0.47806358337402344, "epoch_loss": 3.337012518087082, "epoch_acc": 0.3255791156690502, "_wandb": {"runtime": 104}}