{"step_loss": 0.8819229602813721, "_timestamp": 1666015906.9169023, "_runtime": 24125.130704402924, "_step": 169725, "step_acc": 0.9607152938842773, "epoch_loss": 0.8818705697384106, "epoch_acc": 0.9608594420746234, "_wandb": {"runtime": 24125}}