{"step_loss": 4.585031032562256, "_timestamp": 1666016296.840154, "_runtime": 18.78922986984253, "_step": 66, "step_acc": 0.014924518764019012, "_wandb": {"runtime": 18}}