{"step_loss": 0.8890990614891052, "_timestamp": 1666043349.4584937, "_runtime": 27424.49025964737, "_step": 101999, "step_acc": 0.9585106372833252, "epoch_loss": 0.8787884736907553, "epoch_acc": 0.9620278001536985, "_wandb": {"runtime": 27424}}